"Model","Sample","MAE","RMSE","R²"
"LM","Test",891.514557343984,1206.04528471257,0.555004656375349
"SVMR","Train",332.699961310641,471.588450899974,0.932099460161703
"SVMR","Test",329.211042317389,468.321749467037,0.933267543335929
"BRNN","Train",444.194691741629,617.935103264745,0.882490435764898
"BRNN","Test",421.206991083283,588.863367138488,0.893923155722595
"BT","Train",300.683877464712,424.264130592366,0.946298707004977
"BT","Test",291.085958186979,409.796714582214,0.950015943569936
"XGBT","Train",183.406555785533,255.634273839416,0.979937677627933
"XGBT","Test",186.187674216869,258.057031554668,0.979631165043944
