"Model","Sample","MAE","RMSE","R²"
"LM","Test",1567.89387992747,2067.79902093183,0.585386654887612
"SVMR","Train",862.178866093709,1275.1778115293,0.838653973228131
"SVMR","Test",818.595382510395,1224.42455191615,0.854797725344652
"BRNN","Train",952.603030423249,1337.76426942112,0.822258960092838
"BRNN","Test",935.691632191672,1318.98719395446,0.831219585558636
"BT","Train",700.406841668688,1090.46160001561,0.884965452313625
"BT","Test",645.486506301543,1023.87194801875,0.901288966277503
"XGBT","Train",398.762868333044,697.196314977741,0.95159247983043
"XGBT","Test",357.428444196165,601.40422589026,0.965056045675993
