"Model","Sample","MAE","RMSE","R²"
"LM","Test",987.743011462312,1340.74834236172,0.65335728862122
"SVMR","Train",483.246812748104,666.721393854416,0.916564617101448
"SVMR","Test",479.345426094332,662.447273841729,0.915806363933579
"BRNN","Train",565.350483981623,775.850798444343,0.885847493326762
"BRNN","Test",570.707421914805,771.237872167118,0.885297607528019
"BT","Train",298.378679363909,422.243976059267,0.967129193883058
"BT","Test",303.780028209897,434.953785589898,0.964514568787721
"XGBT","Train",164.802230578949,235.375869106213,0.989529711740457
"XGBT","Test",168.202608703244,239.975384291013,0.98890195079554
