"Model","Sample","MAE","RMSE","R²"
"LM","Test",1119.82196512404,1454.07056515725,0.592270834305993
"SVMR","Train",649.710985060918,925.94091061492,0.839260575472933
"SVMR","Test",654.399965768384,932.155696953094,0.834590027325312
"BRNN","Train",717.399136469122,949.468911845229,0.829667433966463
"BRNN","Test",741.189393996945,984.828019490153,0.813128355601462
"BT","Train",362.171835053758,508.604836908585,0.953115886908418
"BT","Test",363.916418296238,511.768413030285,0.951755949612815
"XGBT","Train",169.934857010566,239.811105131297,0.989134698062363
"XGBT","Test",174.622122110953,245.014943238072,0.988436950932749
